{"cameraMode":{"drawMode":0,"name":"Shaded","section":"Shading Mode"},"sceneLighting":true,"audioPlay":false,"sceneViewState":{"m_AlwaysRefresh":false,"showFog":true,"showSkybox":true,"showFlares":true,"showImageEffects":true,"showParticleSystems":true,"showVisualEffectGraphs":true,"m_FxEnabled":true},"in2DMode":false,"pivot":{"x":-2.6350412368774416,"y":17.238611221313478,"z":140.2120819091797},"rotation":{"x":-0.03359561040997505,"y":-0.007495707366615534,"z":-0.0002542950678616762,"w":0.9994192719459534},"size":80.64920806884766,"orthographic":false}